msg,images,code,lng,description,likeDislike,title,userId,isdeleted,commentCount,profilePicture,createdAt,videoUrl,imagePaths,feedsComment,name,location,id,multiMedia,mediatype,lat
null,null,0,0,ghj,"{userAction:2,dislikes:0,likes:0}",gj,4051,false,0,Images/9b291404-bc2e-4806-88c5-08d29e65a5ad.png,2020-01-02T13:32:16.7480006,null,null,null,manoj,"Hermannplatz 5-6, 10967 Berlin, Germany",2140,"[{name:,description:null,likeCount:0,id:3240,place:null,mediatype:2,url:http://www.youtube.com/embed/mPhboJR0Llc,createAt:0001-01-01T00:00:00}]",0,0
null,null,0,0,df,"{userAction:2,dislikes:0,likes:0}",dfg,4051,false,2,Images/9b291404-bc2e-4806-88c5-08d29e65a5ad.png,2020-01-02T10:54:07.6092829,null,null,null,manoj,"443 N Rodeo Dr, Beverly Hills, CA 90210, USA",2139,"[{name:,description:null,likeCount:0,id:3239,place:null,mediatype:2,url:http://www.youtube.com/embed/RtFcZ6Bwolw,createAt:0001-01-01T00:00:00}]",0,0
null,null,0,0,dflg sk mcn re  fg nerkzx xcvh ciu ,"{userAction:2,dislikes:0,likes:0}",TEst Video,4051,false,0,Images/9b291404-bc2e-4806-88c5-08d29e65a5ad.png,2020-01-02T10:53:36.8157098,null,null,null,manoj,"IFFCO Chowk Flyover, Heritage City, Sector 29, Gurugram, Haryana 122001, India",2138,"[{name:,description:null,likeCount:0,id:3238,place:null,mediatype:2,url:http://www.youtube.com/embed/TUT2-FEPMdc,createAt:0001-01-01T00:00:00}]",0,0
null,null,0,0,qq,"{userAction:2,dislikes:0,likes:0}",QQ,4051,false,7,Images/9b291404-bc2e-4806-88c5-08d29e65a5ad.png,2020-01-02T10:41:58.6177919,null,null,null,manoj,"2001 NV-582, Las Vegas, NV 89101, USA",2137,"[{name:,description:null,likeCount:0,id:3237,place:null,mediatype:2,url:https://www.youtube.com/watch?v=Kg8VraUgpR4,createAt:0001-01-01T00:00:00}]",0,0
null,null,0,0,ghj,"{userAction:2,dislikes:0,likes:0}",gj,4051,false,0,Images/9b291404-bc2e-4806-88c5-08d29e65a5ad.png,2020-01-02T10:37:30.5281724,null,null,null,manoj,"103 B100, Anglesea VIC 3230, Australia",2136,"[{name:,description:null,likeCount:0,id:3236,place:null,mediatype:2,url:https://www.youtube.com/watch?v=WgmgSwkTUEM,createAt:0001-01-01T00:00:00}]",0,0
null,null,0,0,sdf,"{userAction:2,dislikes:0,likes:0}",sdf,4051,false,0,Images/9b291404-bc2e-4806-88c5-08d29e65a5ad.png,2020-01-02T10:35:11.7588502,null,null,null,manoj,"1 Downing St, Westminster, London SW1A 2AA, UK",2135,"[{name:,description:null,likeCount:0,id:3235,place:null,mediatype:2,url:https://www.youtube.com/watch?v=4uY4Pz0SuaM,createAt:0001-01-01T00:00:00}]",0,0
null,null,0,0,Rinku Singh (born 8 August 1988) is an Indian professional wrestler and former professional baseball player currently signed with WWE and performs in their developmental territory NXT. Singh was signed by the Pittsburgh Pirates organization after he won a pitching contest on a 2008 reality television show The Million Dollar Arm.,"{userAction:2,dislikes:0,likes:1}",Rinku Singh,4051,false,2,Images/9b291404-bc2e-4806-88c5-08d29e65a5ad.png,2020-01-02T09:14:31.7214735,null,null,null,manoj,"Unnamed Road Acharaya RamNH-74 Opposite Green Park, , Acharaya Ram Chandra Shukla Nagar Colony, Rudrapur, Uttarakhand 263153, India",2134,"[{name:rinku_singh_1570092290_800x420.jpg,description:null,likeCount:0,id:3233,place:null,mediatype:1,url:feedsmedia/4051/479386d2-7bee-4100-81d6-1c8ae1aab205.jpg,createAt:0001-01-01T00:00:00},{name:04rinku.jpg,description:null,likeCount:0,id:3234,place:null,mediatype:1,url:feedsmedia/4051/b33d191a-4056-4dee-ad15-7b9ffc8ec337.jpg,createAt:0001-01-01T00:00:00}]",0,0
null,null,0,0,"Jaipur is the capital of India’s Rajasthan state. It evokes the royal family that once ruled the region and that, in 1727, founded what is now called the Old City, or “Pink City” for its trademark building color. At the center of its stately street grid (notable in India) stands the opulent, colonnaded City Palace complex. With gardens, courtyards and museums, part of it is still a royal residence. Jaipur is the capital of India’s Rajasthan state. It evokes the royal family that once ruled the region and that, in 1727, founded what is now called the Old City, or “Pink City” for its trademark building color. At the center of its stately street grid (notable in India) stands the opulent, colonnaded City Palace complex. With gardens, courtyards and museums, part of it is still a royal residence.","{userAction:2,dislikes:0,likes:0}",TRIP TO JAIPUR,3039,false,1,Images/fe49d058-de88-4805-8e2d-0c002b090d15.png,2020-01-02T06:06:44.2317153,null,null,null,jagjit,"1st Floor, Bambawala Kothi Opp. City Power House, Jaipur Rd, Parao, Ajmer, Rajasthan 305001, India",2133,"[{name:,description:null,likeCount:0,id:3232,place:null,mediatype:2,url:https://www.youtube.com/embed/lR6F_Edxabw,createAt:0001-01-01T00:00:00}]",0,0
null,null,0,0,LIFE IS EITHER A DARING ADVENTURE OR NOTHING AT ALL. LIFE IS EITHER A DARING ADVENTURE OR NOTHING AT ALLLIFE IS EITHER A DARING ADVENTURE OR NOTHING AT ALLLIFE IS EITHER A DARING ADVENTURE OR NOTHING AT ALLLIFE IS EITHER A DARING ADVENTURE OR NOTHING AT ALLLIFE IS EITHER A DARING ADVENTURE OR NOTHING AT ALLLIFE IS EITHER A DARING ADVENTURE OR NOTHING AT ALLLIFE IS EITHER A DARING ADVENTURE OR NOTHING AT ALLLIFE IS EITHER A DARING ADVENTURE OR NOTHING AT ALLLIFE IS EITHER A DARING ADVENTURE OR NOTHING AT ALLLIFE IS EITHER A DARING ADVENTURE OR NOTHING AT ALLLIFE IS EITHER A DARING ADVENTURE OR NOTHING AT ALLLIFE IS EITHER A DARING ADVENTURE OR NOTHING AT ALLLIFE IS EITHER A DARING ADVENTURE OR NOTHING AT ALLLIFE IS EITHER A DARING ADVENTURE OR NOTHING AT ALLLIFE IS EITHER A DARING ADVENTURE OR NOTHING AT ALLLIFE IS EITHER A DARING ADVENTURE OR NOTHING AT ALLLIFE IS EITHER A DARING ADVENTURE OR NOTHING AT ALLLIFE IS EITHER A DARING ADVENTURE OR NOTHING AT ALL,"{userAction:2,dislikes:0,likes:0}",Test,3039,false,0,Images/fe49d058-de88-4805-8e2d-0c002b090d15.png,2020-01-02T05:29:26.064171,null,null,null,jagjit,"Royal Tower, Block A, Sector 60, Noida, Uttar Pradesh 201301, India",2132,"[{name:Delhi.jpg,description:null,likeCount:0,id:3231,place:null,mediatype:1,url:feedsmedia/3039/0e910f02-14fd-4cf0-a755-7eba194840d8.jpg,createAt:0001-01-01T00:00:00}]",0,0
null,null,0,0,This is new Year 2020 and we are very happy. Thank you to much. And BYE BYE 2019,"{userAction:2,dislikes:0,likes:0}",awerfghnm,3031,false,2,Images/fc8af47d-ef15-4c25-9d3f-a7a58c7444f9.png,2020-01-01T12:32:56.8783764,null,null,null,Ashish Thapliyal,"14, Ambala-Dehradun-Haridwar Rd, Vidhan Sabha Marg, Shastri Nagar, Ajabpur Kalan, Dehradun, Uttarakhand 248121, India",2131,"[{name:Surabaya.jpg,description:null,likeCount:0,id:3230,place:null,mediatype:1,url:feedsmedia/3031/1adbfd14-937c-4c06-ba00-99991eae4289.jpg,createAt:0001-01-01T00:00:00}]",0,0
null,null,0,0,dfgdf,"{userAction:2,dislikes:0,likes:1}",dfg,3035,false,1,Images/4e60754a-e8a7-4db7-b266-f28b2bcf00ae.png,2020-01-01T12:08:35.9430242,null,null,null,n1,"Rannamõisa tee 4f, 13516 Tallinn, Estonia",2130,"[{name:images.jpg,description:null,likeCount:0,id:3229,place:null,mediatype:1,url:feedsmedia/3035/60ce92d1-b037-4a45-84a5-d6635095fa50.jpg,createAt:0001-01-01T00:00:00}]",0,0
null,null,0,0,fgh,"{userAction:2,dislikes:0,likes:1}",fgh,4051,false,1,Images/9b291404-bc2e-4806-88c5-08d29e65a5ad.png,2020-01-01T11:14:59.7028736,null,null,null,manoj,"Pattayasainueang, Muang Pattaya, Amphoe Bang Lamung, Chang Wat Chon Buri 20150, Thailand",2129,"[{name:images.png,description:null,likeCount:0,id:3228,place:null,mediatype:1,url:feedsmedia/4051/9449eb48-1377-416a-9867-ae5b9d8d884b.png,createAt:0001-01-01T00:00:00}]",0,0
null,null,0,0,name = 'Angular';. showMore = false;. text = `Lorem Ipsum is simply dummy text. of the printing and typesetting. industry. Lorem Ipsum has been the. industry's ...name = 'Angular';. showMore = false;. text = `Lorem Ipsum is simply dummy text. of the printing and typesetting. industry. Lorem Ipsum has been the. industry's ...name = 'Angular';. showMore = false;. text = `Lorem Ipsum is simply dummy text. of the printing and typesetting. industry. Lorem Ipsum has been the. industry's ...name = 'Angular';. showMore = false;. text = `Lorem Ipsum is simply dummy text. of the printing and typesetting. industry. Lorem Ipsum has been the. industry's ...name = 'Angular';. showMore = false;. text = `Lorem Ipsum is simply dummy text. of the printing and typesetting. industry. Lorem Ipsum has been the. industry's ...name = 'Angular';. showMore = false;. text = `Lorem Ipsum is simply dummy text. of the printing and typesetting. industry. Lorem Ipsum has been the. industry's ...name = 'Angular';. showMore = false;. text = `Lorem Ipsum is simply dummy text. of the printing and typesetting. industry. Lorem Ipsum has been the. industry's ...name = 'Angular';. showMore = false;. text = `Lorem Ipsum is simply dummy text. of the printing and typesetting. industry. Lorem Ipsum has been the. industry's ...name = 'Angular';. showMore = false;. text = `Lorem Ipsum is simply dummy text. of the printing and typesetting. industry. Lorem Ipsum has been the. industry's ...name = 'Angular';. showMore = false;. text = `Lorem Ipsum is simply dummy text. of the printing and typesetting. industry. Lorem Ipsum has been the. industry's ...,"{userAction:2,dislikes:0,likes:0}",WEw,3033,false,1,/Images/userimageicon.png,2020-01-01T09:49:23.6239244,null,null,null,sanjay,"Budapest, Erzsébet tér 14, 1051 Hungary",2128,"[{name:DALHOUSIE.jpg,description:null,likeCount:0,id:3227,place:null,mediatype:1,url:feedsmedia/3033/0df3e2d5-d903-4940-9f3f-c1cc24e7bd4a.jpg,createAt:0001-01-01T00:00:00}]",0,0
null,null,0,0,erter,"{userAction:2,dislikes:1,likes:2}",dsf,3033,false,2,/Images/userimageicon.png,2020-01-01T07:27:23.864634,null,null,null,sanjay,"IFFCO Chowk Flyover, Heritage City, Sector 29, Gurugram, Haryana 122001, India",2127,"[{name:,description:null,likeCount:0,id:3226,place:null,mediatype:2,url:https://www.youtube.com/embed/LH0Ss15du3c,createAt:0001-01-01T00:00:00}]",0,0
null,null,0,0,"इस नए साल खुशियों की बरसातें होंप्यार के दिन और मोहब्बत भरी रातें होंरंजिशे नफरतें मिट जाएं सदा के लिएसभी के दिलों में ऐसी चाहतें होंHappy New Year 2020","{userAction:2,dislikes:0,likes:1}",Hpy New Year,3039,false,0,Images/fe49d058-de88-4805-8e2d-0c002b090d15.png,2020-01-01T06:01:58.8885425,null,null,null,jagjit,"174, Buddh Vihar, Block Z, Sector 12, Noida, Uttar Pradesh 201301, India",2126,"[{name:Shubra_El-Kheima.jpg,description:null,likeCount:0,id:3225,place:null,mediatype:1,url:feedsmedia/3039/3b8092fb-310f-4083-aae7-5be6ec05ad40.jpg,createAt:0001-01-01T00:00:00}]",0,0
null,null,0,0,Youtube video,"{userAction:2,dislikes:0,likes:0}",Upload video,3033,false,0,/Images/userimageicon.png,2020-01-01T05:21:20.5417897,null,null,null,sanjay,"Ramnagar Bus Stand, Ranikhet Rd, Ramnagar, Uttarakhand 244715, India",2125,"[{name:,description:null,likeCount:0,id:3224,place:null,mediatype:2,url:https://www.youtube.com/embed/7lfFZs50JHM,createAt:0001-01-01T00:00:00}]",0,0
null,null,0,0,Description,"{userAction:2,dislikes:0,likes:0}",Title,3034,false,0,/Images/userimageicon.png,2020-01-01T04:57:36.7675514,null,null,null,neha,"Delhi Noida Direct Flyway, New Friends Colony, New Delhi, Delhi 110024, India",2124,"[{name:images.jfif,description:null,likeCount:0,id:3223,place:null,mediatype:1,url:feedsmedia/3034/507e9fb7-5524-47c9-a632-c19c42398117.jfif,createAt:0001-01-01T00:00:00}]",0,0
null,null,0,0,"यूं तो पूरे विश्व में नया साल अलग-अलग दिन मनाया जाता है, और भारत के अलग-अलग क्षेत्रों में भी नए साल की शुरूआत अलग-अलग समय  होती है। लेकिन अंग्रेजी कैलेंडर के अनुसार 1 जनवरी से नए साल की शुरूआत मानी जाती है। चूंकि 31 दिसंबर को एक वर्ष का अंत होने के बाद 1 जनवरी से नए अंग्रेजी कैलेंडर वर्ष की शुरूआत होती है। इसलिए इस दिन को पूरी दुनिया में नया साल शुरू होने के उपलक्ष्य में पर्व की तरह मनाया जाता है। चूंकि साल नया है, इसलिए नई उम्मीदें, नए सपने, नए लक्ष्य, नए आईडियाज के साथ इसका स्वागत किया जाता है। नया साल मनाने के पीछे मान्यता है कि साल का पहला दिन अगर उत्साह और खुशी के साथ मनाया जाए, तो साल भर इसी उत्साह और खुशियों के साथ ही बीतेगा। हालांकि हिन्दू पंचांग के अनुसार के मुताबिक नया साल 1 जनवरी से शुरू नहीं होता। हिन्दू नववर्ष का आगाज गुड़ी पड़वा से होता है। लेकिन 1 जनवरी को नया साल मनाना सभी धर्मों में एकता कायम करने में भी महत्वपूर्ण योगदान देता है, क्यों इसे सभी मिलकर मनाते हैं। 31  दिसंबर की रात से ही कई स्थानों पर अलग-अलग समूहों में इकट्ठा होकर लोग नए साल का जश्न मनाना शुरू कर देते हैं और रात 12 बजते ही सभी एक दूसरे को नए साल की शुभकामनाएं देते हैं। ","{userAction:2,dislikes:1,likes:0}",Test different langauga,3046,false,0,Images/8a8a93f3-5696-4387-84e5-ac632cc85ec1.png,2020-01-01T04:48:22.9762306,null,null,null,Aryan Thapliyal,"Vijay Chowk Rd, Block K, Block F, Laxmi Nagar, New Delhi, Delhi 110031, India",2123,"[{name:Tanta.jpg,description:null,likeCount:0,id:3222,place:null,mediatype:1,url:feedsmedia/3046/95e8d21a-8337-4c43-aab5-76f2aad75b8b.jpg,createAt:0001-01-01T00:00:00}]",0,0
null,null,0,0,sdfsdf,"{userAction:2,dislikes:0,likes:0}",dsfsdf,3034,false,0,/Images/userimageicon.png,2020-01-01T04:47:53.872967,null,null,null,neha,"D 10 Noida, Sector 20 -26 dividing road, D Block, Sector 10, Noida, Uttar Pradesh 201301, India",2122,"[{name:images2.png,description:null,likeCount:0,id:3218,place:null,mediatype:1,url:feedsmedia/3034/8a9dea4b-19dc-4a9a-8793-6ca3ab16152b.png,createAt:0001-01-01T00:00:00},{name:indraprastha-resort-dalhousie.jpg,description:null,likeCount:0,id:3219,place:null,mediatype:1,url:feedsmedia/3034/46f87048-4d82-4a84-aa29-9410f726d72f.jpg,createAt:0001-01-01T00:00:00},{name:nainital-saturday-raajiv-nainital-stand-alone-snowfall_0c6662be-d4dc-11e6-89f5-e9c163347fb8.jpg,description:null,likeCount:0,id:3220,place:null,mediatype:1,url:feedsmedia/3034/eb07417f-465b-4d03-9c81-23e5a1b95606.jpg,createAt:0001-01-01T00:00:00},{name:Nainital-Snow-2013-m-2.jpg,description:null,likeCount:0,id:3221,place:null,mediatype:1,url:feedsmedia/3034/8d632dc2-247a-4bff-93bb-e294d1f40d7b.jpg,createAt:0001-01-01T00:00:00}]",0,0
null,null,0,0,EDWd,"{userAction:2,dislikes:0,likes:0}",WEWE,3033,false,0,/Images/userimageicon.png,2020-01-01T04:47:22.9098451,null,null,null,sanjay,"Greater Noida W Rd, Rani Laxmibai Nagar, Yusufpur, Nai Basti Dundahera, Ghaziabad, Uttar Pradesh 201009, India",2121,"[{name:Christmas-2019-Messages.jpg,description:null,likeCount:0,id:3213,place:null,mediatype:1,url:feedsmedia/3033/f656995d-7350-4e58-bd3d-b7ec2ffd684b.jpg,createAt:0001-01-01T00:00:00},{name:DALHOUSIE.jpg,description:null,likeCount:0,id:3214,place:null,mediatype:1,url:feedsmedia/3033/80a1ba80-bc0d-4748-b975-b34d14631abd.jpg,createAt:0001-01-01T00:00:00},{name:dalhousie-hill-station.jpg,description:null,likeCount:0,id:3215,place:null,mediatype:1,url:feedsmedia/3033/922a1224-2852-40e1-b828-29f835c91f00.jpg,createAt:0001-01-01T00:00:00},{name:images 3.jpg,description:null,likeCount:0,id:3216,place:null,mediatype:1,url:feedsmedia/3033/42cfd9f9-7388-498e-8c2c-ff761610faec.jpg,createAt:0001-01-01T00:00:00},{name:images.png,description:null,likeCount:0,id:3217,place:null,mediatype:1,url:feedsmedia/3033/d583ea6f-178e-4ef5-be9b-0553094f0f8c.png,createAt:0001-01-01T00:00:00}]",0,0
null,null,0,0,Testing for new Video. Testing for new Video.Testing for new Video.Testing for new Video.Testing for new Video.Testing for new Video.Testing for new Video.Testing for new Video.Testing for new Video.Testing for new Video.Testing for new Video.Testing for new Video.Testing for new Video.Testing for new Video.Testing for new Video.Testing for new Video.Testing for new Video.Testing for new Video.Testing for new Video.Testing for new Video.Testing for new Video.Testing for new Video.Testing for new Video.Testing for new Video.Testing for new Video.Testing for new Video.Testing for new Video.Testing for new Video.Testing for new Video.Testing for new Video.Testing for new Video.Testing for new Video.Testing for new Video.Testing for new Video.Testing for new Video.,"{userAction:2,dislikes:0,likes:0}",Test for the New ,3031,false,0,Images/fc8af47d-ef15-4c25-9d3f-a7a58c7444f9.png,2020-01-01T04:42:58.9380507,null,null,null,Ashish Thapliyal,"A-10, Sector 63 Rd, A Block, Sector 65, Noida, Uttar Pradesh 201301, India",2120,"[{name:,description:null,likeCount:0,id:3212,place:null,mediatype:2,url:https://www.youtube.com/embed/iNSVjuZQ_9A,createAt:0001-01-01T00:00:00}]",0,0
null,null,0,0,Testing for video upload. Thanks for the details. Testing for video upload. Thanks for the details.Testing for video upload. Thanks for the details.Testing for video upload. Thanks for the details.Testing for video upload. Thanks for the details.Testing for video upload. Thanks for the details.Testing for video upload. Thanks for the details.Testing for video upload. Thanks for the details.Testing for video upload. Thanks for the details.Testing for video upload. Thanks for the details.Testing for video upload. Thanks for the details.Testing for video upload. Thanks for the details.Testing for video upload. Thanks for the details.,"{userAction:2,dislikes:0,likes:2}",Video Test,3040,false,3,Images/085985b6-0662-4e1d-b5b4-20016d31514f.png,2019-12-31T09:35:47.396251,null,null,null,Shweta Singh,"A-10, Sector 63 Rd, A Block, Sector 65, Noida, Uttar Pradesh 201301, India",2119,"[{name:,description:null,likeCount:0,id:3211,place:null,mediatype:2,url:https://www.youtube.com/embed/ghMujvci5Ds,createAt:0001-01-01T00:00:00}]",0,0
null,null,0,0,"Proposed since March 2019. Google Videos is a video search engine from Google, similar to Google Images. It allows searching the World Wide Web for video clips. The service evolved from Google Video, Google's discontinued video hosting service that also allowed to search the web for video clips.Proposed since March 2019. Google Videos is a video search engine from Google, similar to Google Images. It allows searching the World Wide Web for video clips. The service evolved from Google Video, Google's discontinued video hosting service that also allowed to search the web for video clips.Proposed since March 2019. Google Videos is a video search engine from Google, similar to Google Images. It allows searching the World Wide Web for video clips. The service evolved from Google Video, Google's discontinued video hosting service that also allowed to search the web for video clips.Proposed since March 2019. Google Videos is a video search engine from Google, similar to Google Images. It allows searching the World Wide Web for video clips. The service evolved from Google Video, Google's discontinued video hosting service that also allowed to search the web for video clips.","{userAction:2,dislikes:0,likes:0}",Hello Aryan,3040,false,0,Images/085985b6-0662-4e1d-b5b4-20016d31514f.png,2019-12-31T09:11:56.4581989,null,null,null,Shweta Singh,"A-10, Sector 63 Rd, A Block, Sector 65, Noida, Uttar Pradesh 201301, India",2118,"[{name:,description:null,likeCount:0,id:3210,place:null,mediatype:2,url:https://www.youtube.com/embed/hZuwe72Rtcc,createAt:0001-01-01T00:00:00}]",0,0
null,null,0,0,Testing Video Details. Testing Video DetailsTesting Video DetailsTesting Video DetailsTesting Video DetailsTesting Video DetailsTesting Video Details. Thanks for the Help,"{userAction:2,dislikes:0,likes:0}",Testing Video Details,3031,false,0,Images/fc8af47d-ef15-4c25-9d3f-a7a58c7444f9.png,2019-12-31T08:02:40.6864975,null,null,null,Ashish Thapliyal,"Hermannplatz 5-6, 10967 Berlin, Germany",2117,"[{name:,description:null,likeCount:0,id:3209,place:null,mediatype:2,url:https://www.youtube.com/embed/c6OSTcaMU6c,createAt:0001-01-01T00:00:00}]",0,0
null,null,0,0,Testing for multiple images. Please ignore. Thanks.Testing for multiple images. Please ignore. ThanksTesting for multiple images. Please ignore. ThanksTesting for multiple images. Please ignore. ThanksTesting for multiple images. Please ignore. ThanksTesting for multiple images. Please ignore. ThanksTesting for multiple images. Please ignore. ThanksTesting for multiple images. Please ignore. ThanksTesting for multiple images. Please ignore. ThanksTesting for multiple images. Please ignore. ThanksTesting for multiple images. Please ignore. ThanksTesting for multiple images. Please ignore. ThanksTesting for multiple images. Please ignore. ThanksTesting for multiple images. Please ignore. ThanksTesting for multiple images. Please ignore. ThanksTesting for multiple images. Please ignore. ThanksTesting for multiple images. Please ignore. Thanks,"{userAction:2,dislikes:0,likes:0}",Test,3042,false,0,Images/80cdd447-4a3a-483f-b222-86989cc3d37e.png,2019-12-31T07:09:33.4293294,null,null,null,faiz,"VLCC Building, Shiksha Bharti School Rd, Sector 7 Dwarka, Dwarka, New Delhi, Delhi 110077, India",2116,"[{name:Kwekwe.jpg,description:null,likeCount:0,id:3207,place:null,mediatype:1,url:feedsmedia/3042/a036275d-0c37-4855-a55f-bd0a710cf4ea.jpg,createAt:0001-01-01T00:00:00},{name:Marondera.jpg,description:null,likeCount:0,id:3208,place:null,mediatype:1,url:feedsmedia/3042/ab337768-a836-416e-bc87-78689be6c64b.jpg,createAt:0001-01-01T00:00:00}]",0,0
null,null,0,0,Testing ImagesTesting ImagesTesting ImagesTesting ImagesTesting ImagesTesting ImagesTesting ImagesTesting ImagesTesting ImagesTesting ImagesTesting ImagesTesting ImagesTesting ImagesTesting ImagesTesting ImagesTesting ImagesTesting ImagesTesting ImagesTesting ImagesTesting ImagesTesting Images,"{userAction:2,dislikes:0,likes:0}",Testing Images,3047,false,0,Images/0da0ca00-cfaf-41e8-ab39-cbff55ec64b3.png,2019-12-31T07:03:30.8446682,null,null,null,Ankiish Thapliyal,"A-10, Sector 63 Rd, A Block, Sector 65, Noida, Uttar Pradesh 201301, India",2115,"[{name:Aden.jpg,description:null,likeCount:0,id:3204,place:null,mediatype:1,url:feedsmedia/3047/d63f6bfb-e7f8-4519-898d-e311e091498b.jpg,createAt:0001-01-01T00:00:00},{name:Ash_Shihr.jpg,description:null,likeCount:0,id:3205,place:null,mediatype:1,url:feedsmedia/3047/98c48988-97a1-408e-9bde-7257c99252ab.jpg,createAt:0001-01-01T00:00:00},{name:Seiyun.jpg,description:null,likeCount:0,id:3206,place:null,mediatype:1,url:feedsmedia/3047/887cc8d7-9b52-4c3e-81f8-e7d4505e0db6.jpg,createAt:0001-01-01T00:00:00}]",0,0
null,null,0,0,"Tap the Tools option at the bottom of the screen, then select Rotate from the menu that appears. At the bottom of the display you'll see an icon the has two arrows pointing at each other, with a dotted vertical line between them. Tap this and you should see your image flip back to a normal orientation.","{userAction:2,dislikes:0,likes:0}",This is test for the iteration,3047,false,0,Images/0da0ca00-cfaf-41e8-ab39-cbff55ec64b3.png,2019-12-31T07:01:24.300193,null,null,null,Ankiish Thapliyal,"K179, Block M, Vishwakarma Park, Laxmi Nagar, New Delhi, Delhi 110092, India",2114,"[{name:Butare.jpg,description:null,likeCount:0,id:3192,place:null,mediatype:1,url:feedsmedia/3047/ba8d9d9b-173a-4804-8fa7-c2b545e23c61.jpg,createAt:0001-01-01T00:00:00},{name:Byumba.jpg,description:null,likeCount:0,id:3193,place:null,mediatype:1,url:feedsmedia/3047/10eb2de5-0020-4da6-b902-8bf0d019cc15.jpg,createAt:0001-01-01T00:00:00},{name:Cyangugu.jpg,description:null,likeCount:0,id:3194,place:null,mediatype:1,url:feedsmedia/3047/e1cfc2eb-ff1e-48f8-8039-153a5231c545.jpg,createAt:0001-01-01T00:00:00},{name:Gisenyi.jpg,description:null,likeCount:0,id:3195,place:null,mediatype:1,url:feedsmedia/3047/12c0192b-7d1d-40d4-b209-3853ecc190c7.jpg,createAt:0001-01-01T00:00:00},{name:Kabuga.jpg,description:null,likeCount:0,id:3196,place:null,mediatype:1,url:feedsmedia/3047/e534b896-c25b-491e-8644-490e0c150423.jpg,createAt:0001-01-01T00:00:00},{name:Kibuye.jpg,description:null,likeCount:0,id:3197,place:null,mediatype:1,url:feedsmedia/3047/70caa341-47b6-423c-89ac-56f54a245772.jpg,createAt:0001-01-01T00:00:00},{name:Kigali.jpg,description:null,likeCount:0,id:3198,place:null,mediatype:1,url:feedsmedia/3047/70fd2b0c-6b25-47d1-907a-aa02c8d261a0.jpg,createAt:0001-01-01T00:00:00},{name:Muhanga.jpg,description:null,likeCount:0,id:3199,place:null,mediatype:1,url:feedsmedia/3047/e299b8d2-30cd-4221-8afa-c4cc6391025d.jpg,createAt:0001-01-01T00:00:00},{name:Nyanza.jpg,description:null,likeCount:0,id:3200,place:null,mediatype:1,url:feedsmedia/3047/32ae591d-b632-4538-8f00-80989d3505e9.jpg,createAt:0001-01-01T00:00:00},{name:Ruhango.jpg,description:null,likeCount:0,id:3201,place:null,mediatype:1,url:feedsmedia/3047/b81eeea4-af94-4b7d-814a-274c558fb999.jpg,createAt:0001-01-01T00:00:00},{name:Ruhengeri.jpg,description:null,likeCount:0,id:3202,place:null,mediatype:1,url:feedsmedia/3047/31f14d97-0406-4b87-95ea-268425331842.jpg,createAt:0001-01-01T00:00:00},{name:Rwamagana.jpg,description:null,likeCount:0,id:3203,place:null,mediatype:1,url:feedsmedia/3047/aa2f22aa-36da-41c9-be31-a0b65c7f11ec.jpg,createAt:0001-01-01T00:00:00}]",0,0
null,null,0,0,"An image URL is an internet address that points directly to a specific image, rather than an entire index, webpage or website. Image URLs typically include the image filename, such as in this example: http://tineye.com/images/widgets/mona.jpg.An image URL is an internet address that points directly to a specific image, rather than an entire index, webpage or website. Image URLs typically include the image filename, such as in this example: http://tineye.com/images/widgets/mona.jpg","{userAction:2,dislikes:0,likes:0}",Test,3046,false,0,Images/8a8a93f3-5696-4387-84e5-ac632cc85ec1.png,2019-12-31T06:46:07.9838438,null,null,null,Aryan Thapliyal,"A-10, Sector 63 Rd, A Block, Sector 65, Noida, Uttar Pradesh 201301, India",2113,"[{name:Mandiana.jpg,description:null,likeCount:0,id:3184,place:null,mediatype:1,url:feedsmedia/3046/75919a6f-b186-4449-a544-a2a3b842983f.jpg,createAt:0001-01-01T00:00:00},{name:Boke.jpg,description:null,likeCount:0,id:3185,place:null,mediatype:1,url:feedsmedia/3046/9cd34a06-a3a6-4012-ae1f-4ce0a168a604.jpg,createAt:0001-01-01T00:00:00},{name:Conakry.jpg,description:null,likeCount:0,id:3186,place:null,mediatype:1,url:feedsmedia/3046/690efb4e-c251-4f76-a82e-cb9a195044af.jpg,createAt:0001-01-01T00:00:00},{name:Dabola.jpg,description:null,likeCount:0,id:3187,place:null,mediatype:1,url:feedsmedia/3046/104e7c91-daf2-41af-98f4-365eb2b98687.jpg,createAt:0001-01-01T00:00:00},{name:Fria.jpg,description:null,likeCount:0,id:3188,place:null,mediatype:1,url:feedsmedia/3046/899de04a-24e7-462f-a094-e1fac95089e0.jpg,createAt:0001-01-01T00:00:00},{name:Kissidougou.jpg,description:null,likeCount:0,id:3189,place:null,mediatype:1,url:feedsmedia/3046/37a81d21-fb2d-4ab3-bae8-1dad224cda37.jpg,createAt:0001-01-01T00:00:00},{name:Labé.jpg,description:null,likeCount:0,id:3190,place:null,mediatype:1,url:feedsmedia/3046/e1962738-f012-44c6-833a-d08fb88d2bac.jpg,createAt:0001-01-01T00:00:00},{name:Nzerekore.jpg,description:null,likeCount:0,id:3191,place:null,mediatype:1,url:feedsmedia/3046/28e01398-af2f-4691-bfad-f3dc2f25b58d.jpg,createAt:0001-01-01T00:00:00}]",0,0
null,null,0,0,".Net is a programming language developed by Microsoft. It was designed to build applications which could run on the Windows platform. The .Net programming language can be used to develop Forms based applications, Web based applications, and Web services.","{userAction:2,dislikes:0,likes:1}",Video Test,3040,false,1,Images/085985b6-0662-4e1d-b5b4-20016d31514f.png,2019-12-30T13:31:27.0998859,null,null,null,Shweta Singh,"CP-8, CP Block Rd, Block CP, Poorvi Pitampura, Pitam Pura, Delhi, 110034, India",2112,"[{name:,description:null,likeCount:0,id:3183,place:null,mediatype:2,url:https://www.youtube.com/embed/h7huHkvPoEE,createAt:0001-01-01T00:00:00}]",0,0
null,null,0,0,".Net is a programming language developed by Microsoft. It was designed to build applications which could run on the Windows platform. The .Net programming language can be used to develop Forms based applications, Web based applications, and Web services.","{userAction:2,dislikes:0,likes:1}",.Net Framework,3040,false,0,Images/085985b6-0662-4e1d-b5b4-20016d31514f.png,2019-12-30T13:28:58.4896644,null,null,null,Shweta Singh,"174, Buddh Vihar, Block Z, Sector 12, Noida, Uttar Pradesh 201301, India",2111,"[{name:Yerevan.jpg,description:null,likeCount:0,id:3182,place:null,mediatype:1,url:feedsmedia/3040/8631984a-0efc-439e-bf00-b7730bdd2313.jpg,createAt:0001-01-01T00:00:00}]",0,0
null,null,0,0,"Software testing is a process, to evaluate the functionality of a software application with an intent to find whether the developed software met the specified requirements or not and to identify the defects to ensure that the product is defect free in order to produce the quality product. Software testing is a process, to evaluate the functionality of a software application with an intent to find whether the developed software met the specified requirements or not and to identify the defects to ensure that the product is defect free in order to produce the quality product","{userAction:2,dislikes:0,likes:1}",Software Testing,3046,false,0,Images/8a8a93f3-5696-4387-84e5-ac632cc85ec1.png,2019-12-30T13:19:54.8840519,null,null,null,Aryan Thapliyal,"Saharanpur Rd, Shanti Nagar, Beribagh, Saharanpur, Uttar Pradesh 247122, India",2110,"[{name:Abovyan.jpg,description:null,likeCount:0,id:3181,place:null,mediatype:1,url:feedsmedia/3046/ab63f603-c690-4fe0-851c-7a6c0bb16b7a.jpg,createAt:0001-01-01T00:00:00}]",0,0
null,null,0,0,"A Search Engine Optimization Specialist is responsible for analyzing, reviewing and implementing websites that are optimized to be picked up by search engines. An SEO specialist will develop content to include keywords or phrases in order to increase traffic to website.A Search Engine Optimization Specialist is responsible for analyzing, reviewing and implementing websites that are optimized to be picked up by search engines. An SEO specialist will develop content to include keywords or phrases in order to increase traffic to website.","{userAction:2,dislikes:0,likes:5}",Test your Text Max Range,3047,false,5,Images/0da0ca00-cfaf-41e8-ab39-cbff55ec64b3.png,2019-12-30T11:54:41.728924,null,null,null,Ankiish Thapliyal,"A-10, Sector 63 Rd, A Block, Sector 65, Noida, Uttar Pradesh 201301, India",2109,"[{name:BMW.jpg,description:null,likeCount:0,id:3177,place:null,mediatype:1,url:feedsmedia/3047/4936912c-18b5-4ad7-92db-0966313b96f9.jpg,createAt:0001-01-01T00:00:00},{name:Mercedes.jpg,description:null,likeCount:0,id:3178,place:null,mediatype:1,url:feedsmedia/3047/fb3dee19-3f65-48eb-b6d3-a3ffd780d454.jpg,createAt:0001-01-01T00:00:00},{name:Starbucks.png,description:null,likeCount:0,id:3179,place:null,mediatype:1,url:feedsmedia/3047/205c0e80-f34e-4edd-a41c-425395b28c6f.png,createAt:0001-01-01T00:00:00},{name:Volkswagen.png,description:null,likeCount:0,id:3180,place:null,mediatype:1,url:feedsmedia/3047/49ec99f6-ee4c-467f-8af3-b6fc4f1fa37d.png,createAt:0001-01-01T00:00:00}]",0,0
null,null,0,0,ghj,"{userAction:2,dislikes:0,likes:1}",hgjgh,3033,false,0,/Images/userimageicon.png,2019-12-30T11:24:52.8786778,null,null,null,sanjay,"Hermannplatz 5-6, 10967 Berlin, Germany",2108,"[{name:images 3.jpg,description:null,likeCount:0,id:3176,place:null,mediatype:1,url:feedsmedia/3033/28cdad70-0407-4f32-88b2-d678f919515e.jpg,createAt:0001-01-01T00:00:00}]",0,0
null,null,0,0,A vacation is what you take when you can no longer take what you’ve been taking,"{userAction:2,dislikes:0,likes:1}",Holiday,3031,false,0,Images/fc8af47d-ef15-4c25-9d3f-a7a58c7444f9.png,2019-12-30T11:01:10.5935467,null,null,null,Ashish Thapliyal,"Laxmi Nagar, Ostwal Nagari, Oswal Nagari, Nalasopara East, Nala Sopara, Maharashtra 401209, India",2107,"[{name:,description:null,likeCount:0,id:3175,place:null,mediatype:2,url:https://www.youtube.com/embed/LaFtAcIrGWA,createAt:0001-01-01T00:00:00}]",0,0
null,null,0,0,fgh,"{userAction:2,dislikes:0,likes:2}",fgh,3035,false,2,Images/4e60754a-e8a7-4db7-b266-f28b2bcf00ae.png,2019-12-30T11:00:50.8960955,null,null,null,n1,"66 Tottenham Court Rd, Bloomsbury, London W1T 2EX, UK",2106,"[{name:images.jpg,description:null,likeCount:0,id:3174,place:null,mediatype:1,url:feedsmedia/3035/05b6683c-b31c-473e-8b8f-c42fc1730bd2.jpg,createAt:0001-01-01T00:00:00}]",0,0
null,null,0,0,dfg,"{userAction:2,dislikes:0,likes:0}",fdg,3034,false,0,/Images/userimageicon.png,2019-12-30T10:53:38.112796,null,null,null,neha,"Tomtom, Odakule, 34433 Beyoğlu/İstanbul, Turkey",2105,"[{name:images.png,description:null,likeCount:0,id:3173,place:null,mediatype:1,url:feedsmedia/3034/2112b430-e4f6-40fc-9b91-412f27de0fef.png,createAt:0001-01-01T00:00:00}]",0,0
null,null,0,0,dfg,"{userAction:2,dislikes:0,likes:0}",dfg,3035,false,0,Images/4e60754a-e8a7-4db7-b266-f28b2bcf00ae.png,2019-12-30T10:50:24.477095,null,null,null,n1,"DF-250 - Planaltina, Brasília - DF, Brazil",2104,"[{name:,description:null,likeCount:0,id:3172,place:null,mediatype:2,url:null,createAt:0001-01-01T00:00:00}]",0,0
null,null,0,0,"A hill station is a town located at a higher elevation than the nearby plain or valley. The term was used mostly in colonial Asia, but also in Africa, for towns founded by European colonial rulers as refuges from the summer heat, up where temperatures are cooler.","{userAction:2,dislikes:0,likes:0}",A hill station,3035,false,0,Images/4e60754a-e8a7-4db7-b266-f28b2bcf00ae.png,2019-12-30T10:49:05.4450841,null,null,null,n1,"C-38, Shimla Road, Devlok Colony, PNB Vihar, Majra, Dehradun, Uttarakhand 248171, India",2103,"[{name:,description:null,likeCount:0,id:3171,place:null,mediatype:2,url:null,createAt:0001-01-01T00:00:00}]",0,0
null,null,0,0,"The best moment in class was when I was in 9th grade in sixth period. That was when I got into poetry and spoken word. Having that character and scene class made my life even greater. Not knowing anything about poetry, hating on poems about reading and writing it in the past. That class was fun in many ways. For example; there was this one time where we had to write our own plays and poems and perform them in front of the class. I felt alive, and the creative side of me came out. When I wrote my first poem in freshman year. I realized that it was fun and unique. I felt like I wanted to write more and more. When I performed my first poem to that class I found my passion. Since that day and today I have written over 400 poems and made two books. I have performed on many stages in small audience and in school. That was a good day for me because I can write my thoughts down and write the truth about the world. Teachers and students can learn from this experience that, you can find what best fits you.","{userAction:2,dislikes:0,likes:0}",Remembering School Days,3042,false,0,Images/80cdd447-4a3a-483f-b222-86989cc3d37e.png,2019-12-30T10:09:43.4080168,null,null,null,faiz,"A-10, Sector 63 Rd, A Block, Sector 65, Noida, Uttar Pradesh 201301, India",2102,"[{name:Event 34.jpg,description:null,likeCount:0,id:3170,place:null,mediatype:1,url:feedsmedia/3042/79cc68c2-9f30-4472-9e07-09bf8eced7a0.jpg,createAt:0001-01-01T00:00:00}]",0,0
null,null,0,0,fsdf,"{userAction:2,dislikes:0,likes:0}",sdf,3035,false,0,Images/4e60754a-e8a7-4db7-b266-f28b2bcf00ae.png,2019-12-30T08:51:50.4672004,null,null,null,n1,"2001 NV-582, Las Vegas, NV 89101, USA",2101,"[{name:,description:null,likeCount:0,id:3169,place:null,mediatype:2,url:https://www.youtube.com/embed/3YhQV3aQmb4,createAt:0001-01-01T00:00:00}]",0,0
null,null,0,0,"Watching TOM AND JERRY with friends","{userAction:2,dislikes:0,likes:2}",Watching TOM AND JERRY with friends,3042,false,2,Images/80cdd447-4a3a-483f-b222-86989cc3d37e.png,2019-12-30T08:00:24.518761,null,null,null,faiz,"A-10, Sector 63 Rd, A Block, Sector 65, Noida, Uttar Pradesh 201301, India",2100,"[{name:,description:null,likeCount:0,id:3168,place:null,mediatype:2,url:<iframe width=\560\ height=\315\ src=\https://www.youtube.com/embed/AGBjI0x9VbM\ frameborder=\0\ allow=\accelerometer; autoplay; encrypted-media; gyroscope; picture-in-picture\ allowfullscreen><\/iframe>,createAt:0001-01-01T00:00:00}]",0,0
null,null,0,0,"Wishing you a Happy New Year with the hope that you will have many blessings in the year to come”.“Nights will be dark but days will be light, wish your life to be always bright – Happy New Year”.“May this year bring new happiness, new goals, new achievements, and a lot of new inspirations for life. Wishing you a year fully loaded with happiness”","{userAction:2,dislikes:0,likes:1}",HAPPY NEW YEAR,3040,false,0,Images/085985b6-0662-4e1d-b5b4-20016d31514f.png,2019-12-30T06:20:38.2713098,null,null,null,Shweta Singh,"George St, Manchester M1 4HN, UK",2099,"[{name:Event 48.jpg,description:null,likeCount:0,id:3166,place:null,mediatype:1,url:feedsmedia/3040/220781c3-f058-4aaa-837c-bd401a779ed1.jpg,createAt:0001-01-01T00:00:00},{name:Event 58.jpg,description:null,likeCount:0,id:3167,place:null,mediatype:1,url:feedsmedia/3040/9718f153-5008-4d7e-9875-baf9a695a111.jpg,createAt:0001-01-01T00:00:00}]",0,0
null,null,0,0,es,"{userAction:2,dislikes:0,likes:3}",WE,3035,false,2,Images/4e60754a-e8a7-4db7-b266-f28b2bcf00ae.png,2019-12-30T05:02:38.8547932,null,null,null,n1,"Delhi Noida Direct Flyway, New Friends Colony, New Delhi, Delhi 110024, India",2098,"[{name:Nainital-Snow-2013-m-2.jpg,description:null,likeCount:0,id:3165,place:null,mediatype:1,url:feedsmedia/3035/1a0762ab-45ea-4590-8a3f-873d706efe12.jpg,createAt:0001-01-01T00:00:00}]",0,0
null,null,0,0,fghfgh,"{userAction:2,dislikes:0,likes:4}",fghfgh,3035,false,2,Images/4e60754a-e8a7-4db7-b266-f28b2bcf00ae.png,2019-12-27T10:55:15.7205452,null,null,null,n1,"Bower School of Music, 10501 FGCU Blvd S, Fort Myers, FL 33965, USA",1099,"[{name:images.jfif,description:null,likeCount:0,id:2166,place:null,mediatype:1,url:feedsmedia/3035/585698b4-6c89-4a51-b438-53e27ed84c83.jfif,createAt:0001-01-01T00:00:00},{name:images2.png,description:null,likeCount:0,id:2167,place:null,mediatype:1,url:feedsmedia/3035/d7071a17-f81a-48a0-83b6-99ca0f9cbb05.png,createAt:0001-01-01T00:00:00}]",0,0
null,null,0,0,dfg,"{userAction:2,dislikes:0,likes:2}",fgfd,3030,false,0,Images/2f6c09a2-d758-45af-8724-e69a6b2eeed4.png,2019-12-27T09:51:24.7152894,null,null,null,singh,"443 N Rodeo Dr, Beverly Hills, CA 90210, USA",1098,"[{name:191205173514-02-white-house-tree-lighting-screengrab-super-tease.jpg,description:null,likeCount:0,id:2165,place:null,mediatype:1,url:feedsmedia/3030/239805ad-e267-4bc5-8852-51cd3b1d328e.jpg,createAt:0001-01-01T00:00:00}]",0,0
null,null,0,0,Attitude is a choice. Happiness is a choice. Optimism is a choice. Kindness is a choice. Giving is a choice. Respect is a choice. Whatever choice you make makes you. Choose wisely.,"{userAction:2,dislikes:1,likes:2}",MY LIFE MY RULES,3046,false,1,Images/8a8a93f3-5696-4387-84e5-ac632cc85ec1.png,2019-12-26T10:56:27.057011,null,null,null,Aryan Thapliyal,"137, Noida Expressway Service Rd, C Block, Sector 44, Noida, Uttar Pradesh 201303, India",1097,"[{name:Event 31.jpg,description:null,likeCount:0,id:2164,place:null,mediatype:1,url:feedsmedia/3046/ffbcb4ed-921f-44ea-ad5a-c22ab38fa53a.jpg,createAt:0001-01-01T00:00:00}]",0,0
null,null,0,0,dfg,"{userAction:2,dislikes:1,likes:3}",dfg,3049,false,1,/Images/userimageicon.png,2019-12-26T09:59:08.2815763,null,null,null,Sophia,"2001 NV-582, Las Vegas, NV 89101, USA",1096,"[{name:indraprastha-resort-dalhousie.jpg,description:null,likeCount:0,id:2163,place:null,mediatype:1,url:feedsmedia/3049/37d175c6-69bb-47c8-9265-e9823425ed65.jpg,createAt:0001-01-01T00:00:00}]",0,0
null,null,0,0,"Puchda Hi Nahi Neha Kakkar Full Video Song, tony kakkar, Puchda Hi Nahin Full Song Neha Kakkar, Rohit Khandelwal,","{userAction:2,dislikes:1,likes:2}",Full Video Song,3029,false,2,Images/eba5299c-5405-45cc-ac33-ef725d3e7bec.png,2019-12-26T09:36:11.7521555,null,null,null,Akku Testing,"443 N Rodeo Dr, Beverly Hills, CA 90210, USA",1095,"[{name:,description:null,likeCount:0,id:2162,place:null,mediatype:2,url:https://www.youtube.com/embed/3nK13MpQMa0,createAt:0001-01-01T00:00:00}]",0,0
null,null,0,0,R,"{userAction:2,dislikes:0,likes:1}",W,3035,false,1,Images/4e60754a-e8a7-4db7-b266-f28b2bcf00ae.png,2019-12-26T09:25:14.4190226,null,null,null,n1,"Nariman Point, Mumbai, Maharashtra 400021, India",1094,"[{name:,description:null,likeCount:0,id:2161,place:null,mediatype:2,url:https://www.youtube.com/embed/WpXSjDeG9xo,createAt:0001-01-01T00:00:00}]",0,0
null,null,0,0,"that used to work and stopped working in a new release) [x] Bug report ... Same problem here, it used to work with 4.3.6, but with 4.4.3 reading empty ","{userAction:2,dislikes:0,likes:1}",Searches related to how to handle the comment,3029,false,1,Images/eba5299c-5405-45cc-ac33-ef725d3e7bec.png,2019-12-26T09:14:28.3878488,null,null,null,Akku Testing,"1 International Dr, Orlando, FL 32819, USA",1093,"[{name:68739601_716769122116043_3583430539496914944_o.jpg,description:null,likeCount:0,id:2160,place:null,mediatype:1,url:feedsmedia/3029/496fbb35-8a27-4bd1-ab0b-c63ec886e168.jpg,createAt:0001-01-01T00:00:00}]",0,0
null,null,0,0,"A non-alcoholic mixed drink is a cocktail-style beverage made without alcoholic ingredients. Cocktails rose in popularity during the 1980s, and became increasingly popular in the 2000s. The use of cocktails has proliferated deep into the drinking culture","{userAction:2,dislikes:0,likes:1}",Mocktails,3031,false,0,Images/fc8af47d-ef15-4c25-9d3f-a7a58c7444f9.png,2019-12-26T09:11:23.7423307,null,null,null,Ashish Thapliyal,"Jaypee Greens Pari Chowk, Tugalpur Village, Greater Noida, Uttar Pradesh 201310, India",1092,"[{name:Event 60.jpg,description:null,likeCount:0,id:2159,place:null,mediatype:1,url:feedsmedia/3031/daec1589-8084-4cb7-afbd-799b18a35d20.jpg,createAt:0001-01-01T00:00:00}]",0,0
null,null,0,0,Snowfall Snowfall Snowfall Snowfall,"{userAction:2,dislikes:0,likes:3}",Snowfall,3049,false,5,/Images/userimageicon.png,2019-12-26T07:39:33.7102417,null,null,null,Sophia,"Bareilly - Nainital Rd, Tallital, Nainital, Uttarakhand 263002, India",1091,"[{name:Nainital-Snow-2013-r-2.jpg,description:null,likeCount:0,id:2158,place:null,mediatype:1,url:feedsmedia/3049/b6503122-a686-4930-8e56-02cd7abba4b4.jpg,createAt:0001-01-01T00:00:00}]",0,0
null,null,0,0,"It’s true that few people think of the Netherlands when planning a beach holiday. But whether you’re just visiting or lucky enough to call this iconic city home, there are plenty of great beaches to enjoy in Amsterdam","{userAction:2,dislikes:1,likes:2}",Amsterdam Beaches,3043,false,3,/Images/userimageicon.png,2019-12-26T07:08:38.4659686,null,null,null,Ritu singh,"Kloveniersburgwal 1, 1012 CW Amsterdam, Netherlands",1090,"[{name:beach of amsterdam.PNG,description:null,likeCount:0,id:2157,place:null,mediatype:1,url:feedsmedia/3043/c5522956-4ab5-408e-b540-16a8c90af9b0.PNG,createAt:0001-01-01T00:00:00}]",0,0
null,null,0,0,"Christmas is celebrated every year on December 25 to mark the birth anniversary of Jesus Christ. The name 'Christmas' is derived from Mass of Christ (or Jesus). In a mass service, Christians remember Jesus, who died for them and then came back to life.","{userAction:2,dislikes:1,likes:5}",Merry Chrismas,3045,false,3,Images/da45be05-a363-4b27-bdf7-1a8c9a912ae1.png,2019-12-26T07:06:40.0592655,null,null,null,shivam,"58, C Block, Phase 2, C Block, Chowk, Noida, Uttar Pradesh 201301, India",1089,"[{name:795f04bd-2971-4f3d-a8b7-ba30a73d91ec.jfif,description:null,likeCount:0,id:2156,place:null,mediatype:1,url:feedsmedia/3045/a0f4d378-1a46-4831-aab5-5e1bb820d58c.jfif,createAt:0001-01-01T00:00:00}]",0,0
null,null,0,0,"Chile might be best known for the outstanding beauty of its natural landscapes, the towns and cities dotted across this nation deserve more attention from foreign visitors. Captivating museums, fine dining and some of South America’s best beaches await in the following major cities in Chile. If you're planning a trip to South America, do not miss the most popular cities in Chile. The capital of Chile, Santiago is a cosmopolitan city, with ample restaurants, bars, hotels, and shopping. The best time to travel Chile is from October till March – in Patagonia December till beginning of March. ","{userAction:2,dislikes:0,likes:4}",About Chile trip in South America,3044,false,4,/Images/userimageicon.png,2019-12-26T07:05:53.8877521,null,null,null,Navya Upadhyay,"Chile España 785, Ñuñoa, Región Metropolitana, Chile",1088,"[{name:chile.JPG,description:null,likeCount:0,id:2155,place:null,mediatype:1,url:feedsmedia/3044/5cd75fb1-1f3b-4fc2-84ed-0a05eae6de98.JPG,createAt:0001-01-01T00:00:00}]",0,0
null,null,0,0,Delhi to Jispa Via Manali,"{userAction:2,dislikes:1,likes:3}",I don't have a bucket list  but my bikeit list  is a mile long,3042,false,5,Images/80cdd447-4a3a-483f-b222-86989cc3d37e.png,2019-12-26T06:36:07.0655516,null,null,null,faiz,"Leh Manali Hwy, Lower keylong village, Keylong, Himachal Pradesh 175132, India",1087,"[{name:IMG_0586.JPG,description:null,likeCount:0,id:2154,place:null,mediatype:1,url:feedsmedia/3042/5674cae9-2631-495c-9a05-0e79cebd5828.JPG,createAt:0001-01-01T00:00:00}]",0,0
null,null,0,0,A beautiful view of Eiffel Tower,"{userAction:2,dislikes:0,likes:5}","Eiffel Tower, Paris",3041,false,8,Images/023d1a36-ef5e-4248-a9a1-900069fe3f28.png,2019-12-26T06:25:28.7673529,null,null,null,Martin Wilson,"1602 Patriot Ave, Paris, TN 38242, USA",1086,"[{name:eiffel.PNG,description:null,likeCount:0,id:2153,place:null,mediatype:1,url:feedsmedia/3041/d10de044-eab6-4e37-a364-996e26889a55.PNG,createAt:0001-01-01T00:00:00}]",0,0
null,null,0,0,"I am a traveler, t born, already been traveled to more than 40 countries, such as France, Italy, the UK and many more and there is no sign that I will stop anytime, so join me with my trips which will allow you to gain an understanding of how people in a completely different part of the world live and function. Basically, I am a travel junkie who is always in planning her next trip.","{userAction:2,dislikes:0,likes:6}",Travel enthusiast,3040,false,5,Images/085985b6-0662-4e1d-b5b4-20016d31514f.png,2019-12-26T06:23:44.2267737,null,null,null,Shweta Singh,"USA Pkwy, Silver Springs, NV 89429, USA",1085,"[{name:Amelia.JPG,description:null,likeCount:0,id:2152,place:null,mediatype:1,url:feedsmedia/3040/d0e37cc4-b450-493c-b89c-703e5acdca70.JPG,createAt:0001-01-01T00:00:00}]",0,0
null,null,0,0,"Lake Tahoe is a place of great excellence that moves wonderment in even the most fatigued of voyagers. Imprint Twain portrayed the stunning territory of gleaming blue waters as the most attractive picture the entire earth manages. Surrounded by perfect pine woods and snowcapped mountain tops, the lake's splendid topaz shading is credited to its profundity of about 1,640 feet, and its crystalline quality originates from the most perfect wellspring of the liquefied day off. Lake Tahoe straddles the CA and Nevada fringe, traversing 22 miles from north to south and 12 miles over. It would require in any event three hours to drive around the whole lake in great climate conditions. Be that as it may, plan on substantially more on the off chance that you need to stop and see the attractions or climb the path.","{userAction:2,dislikes:0,likes:7}",Top-Rated Tourist Attractions at Lake Tahoe,3039,false,5,Images/fe49d058-de88-4805-8e2d-0c002b090d15.png,2019-12-26T06:23:33.8937797,null,null,null,jagjit,"2544 Lake Tahoe Blvd, South Lake Tahoe, CA 96150, USA",1084,"[{name:lake-tahoe-1591339_1280.jpg,description:null,likeCount:0,id:2151,place:null,mediatype:1,url:feedsmedia/3039/25d80f7b-7843-41b7-b480-a72c59d5039d.jpg,createAt:0001-01-01T00:00:00}]",0,0
null,null,0,0,werwe,"{userAction:2,dislikes:0,likes:3}",QQW,1003,false,0,Images/07cac01f-2a12-4125-ba8b-8eff42333925.png,2019-12-26T05:08:07.8013112,null,null,null,Test 2,"Jaypee Greens Pari Chowk, Tugalpur Village, Greater Noida, Uttar Pradesh 201310, India",1083,"[{name:images2.png,description:null,likeCount:0,id:2150,place:null,mediatype:1,url:feedsmedia/1003/0c21e908-f184-4e73-b681-ad94f2bc3128.png,createAt:0001-01-01T00:00:00}]",0,0
null,null,0,0,sdf,"{userAction:2,dislikes:0,likes:2}",sdf,3036,false,1,Images/f3f7694a-0de4-4598-b141-39ad550d1912.png,2019-12-24T13:20:08.3244434,null,null,null,Sophia,sdf,1082,"[{name:images.png,description:null,likeCount:0,id:2148,place:null,mediatype:1,url:feedsmedia/3036/aad99178-9e05-4be8-89d9-1f8650e779c8.png,createAt:0001-01-01T00:00:00},{name:images.jfif,description:null,likeCount:0,id:2149,place:null,mediatype:1,url:feedsmedia/3036/f5c7fca2-65fd-4733-b709-bb214433fa60.jfif,createAt:0001-01-01T00:00:00}]",0,0
null,null,0,0,sdf,"{userAction:2,dislikes:0,likes:1}",sdfsdf,3035,false,0,Images/4e60754a-e8a7-4db7-b266-f28b2bcf00ae.png,2019-12-24T13:14:51.4499257,null,null,null,n1,d,1081,"[{name:191205173514-02-white-house-tree-lighting-screengrab-super-tease.jpg,description:null,likeCount:0,id:2147,place:null,mediatype:1,url:feedsmedia/3035/3c7b9fdd-555a-4029-8c3f-07366ee9f0e3.jpg,createAt:0001-01-01T00:00:00}]",0,0
null,null,0,0,qwqw,"{userAction:2,dislikes:0,likes:2}",QW,3035,false,1,Images/4e60754a-e8a7-4db7-b266-f28b2bcf00ae.png,2019-12-24T13:13:08.4626094,null,null,null,n1,de,1080,"[{name:Christmas-2019-Messages.jpg,description:null,likeCount:0,id:2146,place:null,mediatype:1,url:feedsmedia/3035/6bf5787f-aca2-4ec7-936e-1ec4c46ab858.jpg,createAt:0001-01-01T00:00:00}]",0,0
null,null,0,0,dfg,"{userAction:2,dislikes:0,likes:1}",sdg,3036,false,1,Images/f3f7694a-0de4-4598-b141-39ad550d1912.png,2019-12-24T13:05:09.6321966,null,null,null,Sophia,dfg,1079,"[{name:images.png,description:null,likeCount:0,id:2145,place:null,mediatype:1,url:feedsmedia/3036/37feb60e-5e71-4d03-b03c-b8d6a87bbbf4.png,createAt:0001-01-01T00:00:00}]",0,0
null,null,0,0,Trump lights National Christmas Tree to mark holiday season,"{userAction:2,dislikes:0,likes:2}",Trump lights National,3036,false,4,Images/f3f7694a-0de4-4598-b141-39ad550d1912.png,2019-12-24T12:54:38.7022514,null,null,null,Sophia,Delhi,1078,"[{name:191205173514-02-white-house-tree-lighting-screengrab-super-tease.jpg,description:null,likeCount:0,id:2144,place:null,mediatype:1,url:feedsmedia/3036/437f5efb-2c1a-441c-8bc0-3944c5a5d701.jpg,createAt:0001-01-01T00:00:00}]",0,0
null,null,0,0,Last Christmas was theatrically released in the United States on 8 November 2019 and in the United Kingdom on 15 November 2019 by Universal Pictures,"{userAction:2,dislikes:0,likes:2}",Last Christmas (film),3036,false,1,Images/f3f7694a-0de4-4598-b141-39ad550d1912.png,2019-12-24T12:28:43.0671799,null,null,null,Sophia,us,1077,"[{name:Last_Christmas_poster.jpeg,description:null,likeCount:0,id:2143,place:null,mediatype:1,url:feedsmedia/3036/9ab45a7a-fbe5-49f4-8d96-ca381721f039.jpeg,createAt:0001-01-01T00:00:00}]",0,0
null,null,0,0,"Last Christmas is a 2019 romantic comedy film directed by Paul Feig and written by Bryony Kimmings and Emma Thompson, who co-wrote the story with her husband, Greg Wise. Based on the song of the same name, and inspired by the music of George Michael, the film stars Emilia Clarke as a disillusioned Christmas store worker who forms a relationship with a mysterious man (Henry Golding) and begins to fall for him; Thompson and Michelle Yeoh also star.","{userAction:2,dislikes:0,likes:2}",Christmas 2019 ,3036,false,3,Images/f3f7694a-0de4-4598-b141-39ad550d1912.png,2019-12-24T12:22:08.3126734,null,null,null,Sophia,noida,1076,"[{name:Christmas-2019-Messages.jpg,description:null,likeCount:0,id:2142,place:null,mediatype:1,url:feedsmedia/3036/835cf0b6-2019-4aba-8c9e-381109a935ec.jpg,createAt:0001-01-01T00:00:00}]",0,0
null,null,0,0,"You can inject this service, typically in your root component, and customize the values of its properties in order to provide default values for all the dropdowns used in the application.","{userAction:2,dislikes:0,likes:2}", Mixed menu items and form,3029,false,4,Images/eba5299c-5405-45cc-ac33-ef725d3e7bec.png,2019-12-24T11:46:08.3753558,null,null,null,Akku Testing,"Newark International Airport Street, Newark, NJ, USA",1075,"[{name:1577186637230.JPEG,description:null,likeCount:0,id:2141,place:null,mediatype:1,url:feedsmedia/3029/510980c4-8499-4426-9540-445f0db90d1e.JPEG,createAt:0001-01-01T00:00:00}]",0,0
null,null,0,0,"Christmas is an annual festival commemorating the birth of Jesus Christ, observed primarily on December 25 as a religious and cultural celebration among billions of people around the world.","{userAction:2,dislikes:1,likes:2}",Christmas Decoration,3031,false,2,Images/fc8af47d-ef15-4c25-9d3f-a7a58c7444f9.png,2019-12-24T07:50:28.8627474,null,null,null,Ashish Thapliyal,Noida,1074,"[{name:,description:null,likeCount:0,id:2140,place:null,mediatype:2,url:https://youtu.be/0dnUWYQeLXE,createAt:0001-01-01T00:00:00}]",0,0
null,null,0,0,"Thanksgiving is a national holiday in the United States, celebrated on the fourth Thursday of November. It originated as a harvest festival. ... The event that Americans commonly call the First Thanksgiving was celebrated by the Pilgrims after their first harvest in the New World in October 1621.","{userAction:2,dislikes:0,likes:3}",Thanks Giving Day,3031,false,4,Images/fc8af47d-ef15-4c25-9d3f-a7a58c7444f9.png,2019-12-24T07:40:55.6467688,null,null,null,Ashish Thapliyal,Laxmi Nager New Delhi,1073,"[{name:Event 27.jpg,description:null,likeCount:0,id:2138,place:null,mediatype:1,url:feedsmedia/3031/bb4b9bbc-428d-4085-bb9a-c58e53f09fc5.jpg,createAt:0001-01-01T00:00:00},{name:Event 49.jpg,description:null,likeCount:0,id:2139,place:null,mediatype:1,url:feedsmedia/3031/88a0d2b8-9e17-425b-8f6a-bdd260443d76.jpg,createAt:0001-01-01T00:00:00}]",0,0
null,null,0,0,"Christmas is an annual festival commemorating the birth of Jesus Christ, observed primarily on December 25 as a religious and cultural celebration among billions of people around the world.","{userAction:2,dislikes:0,likes:1}",Merry Christmas ,2013,true,4,/Images/userimageicon.png,2019-12-24T06:50:21.0371277,null,null,null,Aakankshi 1,Sector 63,1072,"[{name:Christmas.jpg,description:null,likeCount:0,id:2137,place:null,mediatype:1,url:feedsmedia/2013/2d11ae4a-02c7-415a-bce7-f370ae470e30.jpg,createAt:0001-01-01T00:00:00}]",0,0
null,null,0,0,"I couldn't find too much information about the @HostListener decorator in the docs, only the interface specification in the API. But, what I was able to learn via other blogs and questions on stack overflow is that the HostListener enables us to listen for events on the host, and to specify the values that are passed as arguments to the decorated function or class.","{userAction:1,dislikes:0,likes:2}",The @HostListener Decorator,2013,true,8,/Images/userimageicon.png,2019-12-23T12:44:21.9995323,null,null,null,Aakankshi 1,"IFFCO Choxdwk Flyover, Block B, Heritage City, Sector 17, Gurugram, Haryana, India",1071,"[{name:,description:null,likeCount:0,id:2136,place:null,mediatype:2,url:https://www.youtube.com/embed/yLX-yTH7EOE,createAt:0001-01-01T00:00:00}]",0,0
null,null,0,0,"In order to determine the body's scrollTop value we need to inject the Document object. To do this, Angular 2 has provided a DOCUMENT dependency injection (DI) token to get the application's rendering context, and when rendering in the browser, this is the browser's document object.","{userAction:2,dislikes:0,likes:0}",Inject Document object,2013,true,3,/Images/userimageicon.png,2019-12-23T12:43:14.6070098,null,null,null,Aakankshi 1,"Newark Intsernational Airport Street, Newark, NJ, USA",1070,"[{name:image_2019_09_03T10_48_27_980Z.png,description:null,likeCount:0,id:2134,place:null,mediatype:1,url:feedsmedia/2013/ee93075f-0b48-41e1-b103-0c1ca3289d82.png,createAt:0001-01-01T00:00:00},{name:job_adds_list.PNG,description:null,likeCount:0,id:2135,place:null,mediatype:1,url:feedsmedia/2013/4dfec6bf-d0ce-4068-884b-a27a5daeba32.PNG,createAt:0001-01-01T00:00:00}]",0,0
null,null,0,0,its very exciting place 🤗🤗😍🤗,"{userAction:1,dislikes:0,likes:2}",Way to nowhere ,1005,false,1,/Images/userimageicon.png,2019-12-23T10:24:24.6315499,null,null,null,Test 3,test,1069,"[{name:photo1577096418018.jpg,description:null,likeCount:0,id:2131,place:null,mediatype:1,url:feedsmedia/1005/0335732e-3270-4112-bd8e-0e29ccd5982f.jpg,createAt:0001-01-01T00:00:00},{name:SAVED-20191129_1629_09705.jpg,description:null,likeCount:0,id:2132,place:null,mediatype:1,url:feedsmedia/1005/65c326d6-bb96-4b1e-9ea2-7b988c96b659.jpg,createAt:0001-01-01T00:00:00},{name:SAVED-20191129_1629_09705.jpg,description:null,likeCount:0,id:2133,place:null,mediatype:1,url:feedsmedia/1005/775ff386-64c5-4560-9b8f-ea5f3b2e5311.jpg,createAt:0001-01-01T00:00:00}]",0,0
null,null,0,0,dfg,"{userAction:0,dislikes:1,likes:1}",dfg,1003,false,4,Images/07cac01f-2a12-4125-ba8b-8eff42333925.png,2019-12-23T05:39:17.2513599,null,null,null,Test 2,i,1068,"[{name:,description:null,likeCount:0,id:2130,place:null,mediatype:2,url:null,createAt:0001-01-01T00:00:00}]",0,0
null,null,0,0,"Lorem Ipsum is simply dummy text of the printing and typesetting industry. Lorem Ipsum has been the industry's standard dummy text ever since the 1500s, when an unknown printer took a galley of type and scrambled it to make a type specimen book. It has survived not only five centuries, but also the leap into electronic typesetting, remaining essentially unchanged. It was popularised in the 1960s with the release of Letraset sheets containing Lorem Ipsum passages, and more recently with desktop publishing software like Aldus PageMaker including versions of Lorem Ipsum.","{userAction:0,dislikes:3,likes:0}",New One,2013,true,4,/Images/userimageicon.png,2019-12-23T05:04:28.3239101,null,null,null,Aakankshi 1,New,1067,"[{name:,description:null,likeCount:0,id:2129,place:null,mediatype:2,url:https://www.youtube.com/embed/j3gErdNyUAQ,createAt:0001-01-01T00:00:00}]",0,0
null,null,0,0,"CVS Drive, Woonsocket, RI, USA","{userAction:1,dislikes:0,likes:1}",bnmbmbnmbnmbnmbnm,2013,true,2,/Images/userimageicon.png,2019-12-21T12:35:39.9282464,null,null,null,Aakankshi 1,"CVS Drive, Woonsocket, RI, USA",1066,"[{name:image_2019_09_03T10_48_27_980Z.png,description:null,likeCount:0,id:2127,place:null,mediatype:1,url:feedsmedia/2013/237c9839-56d9-466b-ba41-3e4d285233e1.png,createAt:0001-01-01T00:00:00},{name:job_adds_list.PNG,description:null,likeCount:0,id:2128,place:null,mediatype:1,url:feedsmedia/2013/4a02de29-8751-42a0-ac9c-facdbbaac83e.PNG,createAt:0001-01-01T00:00:00}]",0,0
null,null,0,0,enjoy a lot ,"{userAction:1,dislikes:0,likes:1}",Way to nowhere,1005,false,0,/Images/userimageicon.png,2019-12-20T09:49:40.7059494,null,null,null,Test 3,Dream,1065,"[{name:tv.JPG,description:null,likeCount:0,id:2124,place:null,mediatype:1,url:feedsmedia/1005/5d611fc1-b92b-430e-8065-e7413241063b.JPG,createAt:0001-01-01T00:00:00},{name:tv1.JPG,description:null,likeCount:0,id:2125,place:null,mediatype:1,url:feedsmedia/1005/d8f1863c-2f1a-4a77-8cce-62c06bf4f680.JPG,createAt:0001-01-01T00:00:00},{name:tv2.JPG,description:null,likeCount:0,id:2126,place:null,mediatype:1,url:feedsmedia/1005/617dcc01-cd25-4b32-b3eb-24a199ea93e6.JPG,createAt:0001-01-01T00:00:00}]",0,0
null,null,0,0,delhi city,"{userAction:0,dislikes:1,likes:0}",delhi,3,false,2,Images/0eff867e-62ec-43a7-a535-7e83b6b27a30.png,2019-12-19T11:34:59.6490215,null,null,null,Pankaj Patel,de,1064,"[{name:California-best.jpeg,description:null,likeCount:0,id:2123,place:null,mediatype:1,url:feedsmedia/3/663fe2c8-e739-45c9-a94a-d630d39215eb.jpeg,createAt:0001-01-01T00:00:00}]",0,0
null,null,0,0,higfhdfhghgh,"{userAction:2,dislikes:0,likes:0}",delhi,3,false,1,Images/0eff867e-62ec-43a7-a535-7e83b6b27a30.png,2019-12-19T11:13:42.2203558,null,null,null,Pankaj Patel,de,1063,"[{name:California-best.jpeg,description:null,likeCount:0,id:2122,place:null,mediatype:1,url:feedsmedia/3/10e473ef-b13b-4408-8a30-78db7f7acf5e.jpeg,createAt:0001-01-01T00:00:00}]",0,0
null,null,0,0,fdgdfg,"{userAction:1,dislikes:0,likes:1}",dfgdfg,3,false,1,Images/0eff867e-62ec-43a7-a535-7e83b6b27a30.png,2019-12-19T09:10:38.7283839,null,null,null,Pankaj Patel,no,1062,"[{name:simon-migaj-421505-unsplash.jpg,description:null,likeCount:0,id:2121,place:null,mediatype:1,url:feedsmedia/3/d4883f05-e84c-4b3d-8d21-0f671536677a.jpg,createAt:0001-01-01T00:00:00}]",0,0
null,null,0,0, good location,"{userAction:1,dislikes:0,likes:1}",travelling delhi,3,false,0,Images/0eff867e-62ec-43a7-a535-7e83b6b27a30.png,2019-12-19T07:51:13.8199267,null,null,null,Pankaj Patel,delhi,1061,"[{name:simon-migaj-421505-unsplash.jpg,description:null,likeCount:0,id:2120,place:null,mediatype:1,url:feedsmedia/3/96d7afa2-dced-41cb-ab72-6b7691173c8c.jpg,createAt:0001-01-01T00:00:00}]",0,0
null,null,0,0, hiiiiiiiiiiiiii this is travelling agency,"{userAction:2,dislikes:0,likes:0}",noida,3,false,0,Images/0eff867e-62ec-43a7-a535-7e83b6b27a30.png,2019-12-19T07:48:29.8074141,null,null,null,Pankaj Patel,noi,1060,"[{name:California-best.jpeg,description:null,likeCount:0,id:2119,place:null,mediatype:1,url:feedsmedia/3/74bfa80c-5779-44cd-a3c3-47dfccb8f303.jpeg,createAt:0001-01-01T00:00:00}]",0,0
null,null,0,0,hiiiiiiiiiiiiii there,"{userAction:2,dislikes:0,likes:0}",dsfsdgfs,3,false,0,Images/0eff867e-62ec-43a7-a535-7e83b6b27a30.png,2019-12-19T07:46:23.1076802,null,null,null,Pankaj Patel,noi,1059,"[{name:,description:null,likeCount:0,id:2118,place:null,mediatype:2,url:null,createAt:0001-01-01T00:00:00}]",0,0
null,null,0,0,ghfghfh,"{userAction:2,dislikes:0,likes:0}",fghfhfhf,3,false,0,Images/0eff867e-62ec-43a7-a535-7e83b6b27a30.png,2019-12-19T07:33:54.3083038,null,null,null,Pankaj Patel,a,1058,"[{name:,description:null,likeCount:0,id:2117,place:null,mediatype:2,url:null,createAt:0001-01-01T00:00:00}]",0,0
null,null,0,0,"var express = require('express');var router = express.Router();router.post('/', function (req, res, next) {    console.log(got it);   var path = http://mytestplan.com/img/256/pdb.png;var data = <script type='text/javascript'>window.parent.CKEDITOR.tools.callFunction(1,path,\File uploaded\);</script>res.writeHeader(200, {Content-Type: text/html, });html = ;html += <script type=\text/javascript\>;html +=  var funcNum = 1;;html +=  var url = \ + path + \;;html +=  var message = \Uploaded file successfully\;;html += ;html +=  window.parent.CKEDITOR.tools.callFunction(funcNum, url, message);;html += </script>;console.log(html);res.write(html);res.end();});module.exports = router;","{userAction:1,dislikes:0,likes:1}",test,2013,true,2,/Images/userimageicon.png,2019-12-19T05:53:12.6357623,null,null,null,Aakankshi 1,h,1057,"[{name:,description:null,likeCount:0,id:2116,place:null,mediatype:2,url:https://www.youtube.com/embed/mHkh2di8hAc,createAt:0001-01-01T00:00:00}]",0,0
null,null,0,0,May be it's too late. Your code is correct so please check again your url in filebrowserUploadUrlMay be it's too late. Your code is correct so please check again your url in filebrowserUploadUrl,"{userAction:1,dislikes:0,likes:1}",May be it's too late. Your code is correct so please check again your url in filebrowserUploadUrl,2013,true,8,/Images/userimageicon.png,2019-12-19T05:51:09.8004343,null,null,null,Aakankshi 1,ne,1056,"[{name:bg6.jpg,description:null,likeCount:0,id:2115,place:null,mediatype:1,url:feedsmedia/2013/da78edc2-5778-4fb5-999e-a8e526b5b445.jpg,createAt:0001-01-01T00:00:00}]",0,0
null,null,0,0,"In this blog post, I’m going to show you how to display your current location with google map. I’m going to use Angular Google Maps ( AGM ) to speed up the development time and it is also very easy to use. It is also a nice way for me to try out libraries in Angular ecosystem.","{userAction:2,dislikes:0,likes:0}",development time,3028,false,2,Images/9d38d28e-4021-4063-a703-821d1878a18c.png,2019-12-16T06:58:16.6800795,null,null,null,Aakankshi Gupta,Deh,1055,"[{name:pro9.jpg,description:null,likeCount:0,id:2114,place:null,mediatype:1,url:feedsmedia/3028/0f9c3c06-618d-49d4-bfbd-b825b57ef43b.jpg,createAt:0001-01-01T00:00:00}]",0,0
null,null,0,0,dsafsdsfsdf,"{userAction:2,dislikes:0,likes:1}",dsafsdfsd,2014,false,0,/Images/userimageicon.png,2019-12-13T13:53:25.6628518,null,null,null,Aakankshi 2,h,1054,"[{name:logo500.jpg,description:null,likeCount:0,id:2113,place:null,mediatype:1,url:feedsmedia/2014/b8626332-f269-4c4e-9e41-b8989211d9d8.jpg,createAt:0001-01-01T00:00:00}]",0,0
null,null,0,0,"Madison believes mindfulness in the workplace is key to success - a tenet she lives out through her interests in yoga, meditation, gardening, and painting. Madison is currently working as a freelance marketing director and is always interested in a challenge. Reach out to madisonblackstone@gmail.com to connect!","{userAction:2,dislikes:0,likes:1}",New VDO,2014,false,0,/Images/userimageicon.png,2019-12-13T12:10:10.4398932,null,null,null,Aakankshi 2,Noida Sectoto 62,59,"[{name:,description:null,likeCount:0,id:1122,place:null,mediatype:2,url:https://www.youtube.com/embed/PJNNQhuFg6A,createAt:0001-01-01T00:00:00}]",0,0
null,null,0,0,"Her hunger for knowledge and determination to turn information into action has contributed to her most recent success at Rockwell Group, where she led international, award-winning campaigns for heavy-hitting brands, such as Puma, Gucci, and Rolex. Meanwhile, she vastly improved the productivity of her team by implementing strategic project management methods and ensuring a work-life balance for her department.","{userAction:2,dislikes:0,likes:1}",Add First Video,2014,false,0,/Images/userimageicon.png,2019-12-13T12:01:00.0138348,null,null,null,Aakankshi 2,Noida Sector 62,58,"[{name:,description:null,likeCount:0,id:1121,place:null,mediatype:2,url:https://www.youtube.com/embed/BP9VjGyNobQ,createAt:0001-01-01T00:00:00}]",0,0
null,null,0,0,"Meanwhile, she vastly improved the productivity of her department by implementing strategic project management methods and ensuring a work-life balance for her team. Madison believes mindfulness in the workplace is key to success, a tenet she lives out through her interests in yoga, meditation, gardening, and painting. ","{userAction:2,dislikes:0,likes:1}",Testing,2014,false,12,/Images/userimageicon.png,2019-12-13T10:07:02.1598916,null,null,null,Aakankshi 2,de,57,"[{name:hotelimage.png,description:null,likeCount:0,id:1120,place:null,mediatype:1,url:feedsmedia/2014/a10540fc-7ace-42fa-9e1d-52d95b08fb27.png,createAt:0001-01-01T00:00:00}]",0,0
null,null,0,0,"Her hunger for knowledge and determination to turn information into action has contributed to her most recent success at Rockwell Group. There, she led international award-winning campaigns for heavy-hitting brands such as Puma, Gucci, and Rolex.","{userAction:2,dislikes:0,likes:0}",Testing,2014,false,0,/Images/userimageicon.png,2019-12-13T10:05:34.1479189,null,null,null,Aakankshi 2,Ind,56,"[{name:images.jpg,description:null,likeCount:0,id:1119,place:null,mediatype:1,url:feedsmedia/2014/ac147331-ac5b-4b43-acdb-9ed6ef3b69b9.jpg,createAt:0001-01-01T00:00:00}]",0,0
null,null,0,0,"This makes the file selection dialog default to only allowing JPG files, however there's also a dropdown menu for selecting All Files: All Files (*.*). How can I make it ONLY allow JPG files and not to have the option to select All Files in the dropdown?","{userAction:1,dislikes:0,likes:3}",India Gate,2014,false,1,/Images/userimageicon.png,2019-12-13T06:59:12.0932104,null,null,null,Aakankshi 2,R,55,"[{name:shop8.jpg,description:null,likeCount:0,id:1118,place:null,mediatype:1,url:feedsmedia/2014/5d69c1c1-2485-4511-b60b-050e58b0611b.jpg,createAt:0001-01-01T00:00:00}]",0,0
null,null,0,0,"I'm using input control with type=file. But it's accepting all type of file. I want to restrict only image file. How we can achieve this?I'm trying with following code:","{userAction:2,dislikes:0,likes:2}",How to allow input type=“file” to accept only image files,2014,false,1,/Images/userimageicon.png,2019-12-13T06:57:51.7295658,null,null,null,Aakankshi 2,In,54,"[{name:shop6.jpg,description:null,likeCount:0,id:1113,place:null,mediatype:1,url:feedsmedia/2014/e0724211-f13b-4c03-a981-b69ea8d664f0.jpg,createAt:0001-01-01T00:00:00},{name:shop9.jpg,description:null,likeCount:0,id:1114,place:null,mediatype:1,url:feedsmedia/2014/75542c98-cec5-4fd6-b095-b0fc09db7e34.jpg,createAt:0001-01-01T00:00:00},{name:shop11.jpg,description:null,likeCount:0,id:1115,place:null,mediatype:1,url:feedsmedia/2014/d365afc6-c51a-4f9f-9c98-f924f08f4de8.jpg,createAt:0001-01-01T00:00:00},{name:shop12 (1).jpg,description:null,likeCount:0,id:1116,place:null,mediatype:1,url:feedsmedia/2014/fcc8a291-06ff-4bcf-9386-5986ebfe100b.jpg,createAt:0001-01-01T00:00:00},{name:shop16.jpg,description:null,likeCount:0,id:1117,place:null,mediatype:1,url:feedsmedia/2014/118d13aa-d2a6-414d-a212-7c496372f87f.jpg,createAt:0001-01-01T00:00:00}]",0,0
null,null,0,0, new one new one new one,"{userAction:2,dislikes:0,likes:0}",new one,2013,true,3,/Images/userimageicon.png,2019-12-11T12:07:00.7615276,null,null,null,Aakankshi 1,h,53,"[{name:handset-offer-banner-new_31F555919982EFE18360075F1D2EC443.png,description:null,likeCount:0,id:1110,place:null,mediatype:1,url:feedsmedia/2013/a1af90f4-cefb-4545-a95c-84282b872d52.png,createAt:0001-01-01T00:00:00},{name:images.jpg,description:null,likeCount:0,id:1111,place:null,mediatype:1,url:feedsmedia/2013/07c0de05-d640-4fc7-9016-3fbcd7579bce.jpg,createAt:0001-01-01T00:00:00},{name:pro3.jpg,description:null,likeCount:0,id:1112,place:null,mediatype:1,url:feedsmedia/2013/8491e2d8-e820-4d8a-92e9-4b4be5ca4a28.jpg,createAt:0001-01-01T00:00:00}]",0,0
null,null,0,0,new one new one new one,"{userAction:0,dislikes:1,likes:0}",new one,2013,true,1,/Images/userimageicon.png,2019-12-11T10:06:28.7986641,null,null,null,Aakankshi 1,ind,52,"[{name:pro3.jpg,description:null,likeCount:0,id:1109,place:null,mediatype:1,url:feedsmedia/2013/e606a4eb-4bc1-4db2-8357-a46dacda7c65.jpg,createAt:0001-01-01T00:00:00}]",0,0
null,null,0,0,dfdfdfdfddddddddddddddddddddddddddddddddddddd,"{userAction:2,dislikes:0,likes:0}",ssfdfd,2013,true,1,/Images/userimageicon.png,2019-12-11T08:16:16.8568689,null,null,null,Aakankshi 1,h,51,"[{name:,description:null,likeCount:0,id:1108,place:null,mediatype:2,url:https://www.youtube.com/embed/0sxLpGnhHQ0,createAt:0001-01-01T00:00:00}]",0,0
null,null,0,0,Test Code,"{userAction:0,dislikes:1,likes:0}",Test Code,2013,true,2,/Images/userimageicon.png,2019-12-11T08:15:17.0738823,null,null,null,Aakankshi 1,g,50,"[{name:pro11.jpg,description:null,likeCount:0,id:1107,place:null,mediatype:1,url:feedsmedia/2013/d7ab4103-49a9-4220-918b-cef6e032eae6.jpg,createAt:0001-01-01T00:00:00}]",0,0
null,null,0,0,"A mobile phone is a wireless handheld device that allows users to make and receive calls and to send text messages, among other features. The earliest generation of mobile phones could only make and receive calls. ... A mobile phone may also be known as a cellular phone or simply a cell phone.","{userAction:0,dislikes:1,likes:0}",A mobile phone is a wireless handheld device ,2013,true,1,/Images/userimageicon.png,2019-12-11T08:02:27.2699224,null,null,null,Aakankshi 1,INDI,49,"[{name:handset-offer-banner-new_31F555919982EFE18360075F1D2EC443.png,description:null,likeCount:0,id:1106,place:null,mediatype:1,url:feedsmedia/2013/124e10a8-f020-4f2b-81a4-66b726ea0893.png,createAt:0001-01-01T00:00:00}]",0,0
